{"val/test_score/Factbench_f1": -0.36615384615384616, "val/test_score/Factbench_em": -0.36615384615384616, "val/test_score/Factbench_noformatf1": 0.3292307692307692, "val/test_score/2wiki_f1": -0.5701856007379238, "val/test_score/2wiki_em": -0.65, "val/test_score/2wiki_noformatf1": 0.20181439926207623, "val/test_score/popqa_f1": -0.7445379412662886, "val/test_score/popqa_em": -0.792, "val/test_score/popqa_noformatf1": 0.1914620587337114, "val/test_score/tq_f1": -0.25722861509279465, "val/test_score/tq_em": -0.344, "val/test_score/tq_noformatf1": 0.3947713849072053, "val/test_score/hotpotqa_f1": -0.5853494888432045, "val/test_score/hotpotqa_em": -0.664, "val/test_score/hotpotqa_noformatf1": 0.20265051115679564, "val/test_score/nq_f1": -0.6401712846612415, "val/test_score/nq_em": -0.738, "val/test_score/nq_noformatf1": 0.17982871533875852, "val/test_score/elobench_f1": -0.12921348314606743, "val/test_score/elobench_em": -0.12921348314606743, "val/test_score/elobench_noformatf1": 0.4438202247191011, "val/test_score/musique_f1": -0.9368336797917058, "val/test_score/musique_em": -0.974, "val/test_score/musique_noformatf1": 0.05916632020829414, "val/test_score/Bamboogle_f1": -0.39172924689136057, "val/test_score/Bamboogle_em": -0.48, "val/test_score/Bamboogle_noformatf1": 0.2802707531086394, "val/test_score/browse_comp_f1": -0.9347781173075291, "val/test_score/browse_comp_em": -0.9466666666666667, "val/test_score/browse_comp_noformatf1": 0.011888549359137593, "val/test_score/browse_comp_zh_f1": -1.055363321799308, "val/test_score/browse_comp_zh_em": -1.055363321799308, "val/test_score/browse_comp_zh_noformatf1": 0.010380622837370242, "val/test_score/xbench_deepsearch_f1": -1.0804597701149425, "val/test_score/xbench_deepsearch_em": -1.0919540229885059, "val/test_score/xbench_deepsearch_noformatf1": 0.022988505747126436}