{"actor/entropy_loss": 2823.98046875, "actor/kl_loss": 13.31187629699707, "actor/kl_coef": 0.001, "actor/pg_loss": -2.781686891335994, "actor/pg_clipfrac": 0.010053707774204668, "actor/ppo_kl": 0.005158668110837539, "actor/pg_clipfrac_lower": 0.0005693021189472347, "actor/grad_norm": 795.8157958984375, "perf/mfu/actor": 0.11390238109767385, "perf/max_memory_allocated_gb": 56.12689924240112, "perf/max_memory_reserved_gb": 75.33984375, "perf/cpu_memory_used_gb": 58.6114387512207, "actor/lr": 1e-06, "val/test_score/Factbench_f1": 0.3943589743589743, "val/test_score/Factbench_em": 0.39076923076923076, "val/test_score/Factbench_noformatf1": 0.4497435897435897, "val/test_score/2wiki_f1": 0.29913755064835834, "val/test_score/2wiki_em": 0.172, "val/test_score/2wiki_noformatf1": 0.35113755064835833, "val/test_score/popqa_f1": 0.38945385127827875, "val/test_score/popqa_em": 0.306, "val/test_score/popqa_noformatf1": 0.4214538512782788, "val/test_score/tq_f1": 0.5868332066434214, "val/test_score/tq_em": 0.456, "val/test_score/tq_noformatf1": 0.6308332066434215, "val/test_score/hotpotqa_f1": 0.27945381493514615, "val/test_score/hotpotqa_em": 0.17, "val/test_score/hotpotqa_noformatf1": 0.3434538149351461, "val/test_score/nq_f1": 0.31130567300451856, "val/test_score/nq_em": 0.142, "val/test_score/nq_noformatf1": 0.3313056730045186, "val/test_score/elobench_f1": 0.5224719101123596, "val/test_score/elobench_em": 0.5224719101123596, "val/test_score/elobench_noformatf1": 0.601123595505618, "val/test_score/musique_f1": 0.07714194598644389, "val/test_score/musique_em": -0.014, "val/test_score/musique_noformatf1": 0.16114194598644388, "val/test_score/Bamboogle_f1": 0.3821322216530225, "val/test_score/Bamboogle_em": 0.256, "val/test_score/Bamboogle_noformatf1": 0.4461322216530226, "val/test_score/browse_comp_f1": -0.129618539862146, "val/test_score/browse_comp_em": -0.15, "val/test_score/browse_comp_noformatf1": 0.023714793471187334, "val/test_score/browse_comp_zh_f1": -0.28835063437139563, "val/test_score/browse_comp_zh_em": -0.2906574394463668, "val/test_score/browse_comp_zh_noformatf1": 0.016147635524798153, "val/test_score/xbench_deepsearch_f1": -0.13218390804597702, "val/test_score/xbench_deepsearch_em": -0.13793103448275862, "val/test_score/xbench_deepsearch_noformatf1": 0.028735632183908046, "training/global_step": 8, "training/epoch": 0, "critic/score/mean": 0.46742790937423706, "critic/score/max": 1.998857855796814, "critic/score/min": -2.015684127807617, "critic/rewards/mean": 0.46742790937423706, "critic/rewards/max": 1.998857855796814, "critic/rewards/min": -2.015684127807617, "critic/advantages/mean": 0.08669760823249817, "critic/advantages/max": 1.9680577516555786, "critic/advantages/min": -3.1459975242614746, "critic/returns/mean": 0.4848315417766571, "critic/returns/max": 1.998857855796814, "critic/returns/min": -2.0222811698913574, "response_length/mean": 2592.85546875, "response_length/max": 9563.0, "response_length/min": 74.0, "response_length/clip_ratio": 0.001953125, "prompt_length/mean": 454.4375, "prompt_length/max": 477.0, "prompt_length/min": 444.0, "prompt_length/clip_ratio": 0.03125, "timing_s/gen": 1350.27722042799, "timing_s/reward": 7.121343186008744, "timing_s/old_log_prob": 28.852317661978304, "timing_s/ref": 25.454788292001467, "timing_s/adv": 0.40364928398048505, "timing_s/update_actor": 131.0449049989984, "timing_s/testing": 8126.998252893012, "timing_s/step": 9670.159232088015, "timing_per_token_ms/adv": 0.00025871405075232314, "timing_per_token_ms/update_actor": 0.08399162230245236, "timing_per_token_ms/ref": 0.016314933907785385, "timing_per_token_ms/gen": 1.0171258012386726, "perf/total_num_tokens": 1560214, "perf/time_per_step": 9670.159232088015, "perf/throughput": 20.167894376842554}