{"actor/entropy_loss": 2030.9742431640625, "actor/kl_loss": 55.30085372924805, "actor/kl_coef": 0.001, "actor/pg_loss": -13.329394530504942, "actor/pg_clipfrac": 0.015085997605638113, "actor/ppo_kl": 0.01566680044243185, "actor/pg_clipfrac_lower": 3.4208334909635596e-05, "actor/grad_norm": 88.92806243896484, "perf/mfu/actor": 0.09771560171758087, "perf/max_memory_allocated_gb": 56.12689924240112, "perf/max_memory_reserved_gb": 75.33984375, "perf/cpu_memory_used_gb": 61.8887939453125, "actor/lr": 1e-06, "val/test_score/Factbench_f1": 0.4553846153846154, "val/test_score/Factbench_em": 0.4553846153846154, "val/test_score/Factbench_noformatf1": 0.46153846153846156, "val/test_score/2wiki_f1": 0.45169740259740265, "val/test_score/2wiki_em": 0.312, "val/test_score/2wiki_noformatf1": 0.4596974025974026, "val/test_score/popqa_f1": 0.43471995226995225, "val/test_score/popqa_em": 0.362, "val/test_score/popqa_noformatf1": 0.45071995226995226, "val/test_score/tq_f1": 0.7207438905004668, "val/test_score/tq_em": 0.586, "val/test_score/tq_noformatf1": 0.7327438905004668, "val/test_score/hotpotqa_f1": 0.46772750870274094, "val/test_score/hotpotqa_em": 0.338, "val/test_score/hotpotqa_noformatf1": 0.46772750870274094, "val/test_score/nq_f1": 0.3872292256898306, "val/test_score/nq_em": 0.224, "val/test_score/nq_noformatf1": 0.39522922568983054, "val/test_score/elobench_f1": 0.6460674157303371, "val/test_score/elobench_em": 0.6460674157303371, "val/test_score/elobench_noformatf1": 0.6460674157303371, "val/test_score/musique_f1": 0.18585984810037975, "val/test_score/musique_em": 0.098, "val/test_score/musique_noformatf1": 0.20185984810037977, "val/test_score/Bamboogle_f1": 0.5876444444444445, "val/test_score/Bamboogle_em": 0.464, "val/test_score/Bamboogle_noformatf1": 0.6036444444444445, "val/test_score/browse_comp_f1": -0.03534335762276939, "val/test_score/browse_comp_em": -0.06, "val/test_score/browse_comp_noformatf1": 0.03132330904389728, "val/test_score/browse_comp_zh_f1": -0.05536332179930796, "val/test_score/browse_comp_zh_em": -0.05536332179930796, "val/test_score/browse_comp_zh_noformatf1": 0.01384083044982699, "val/test_score/xbench_deepsearch_f1": -0.005747126436781609, "val/test_score/xbench_deepsearch_em": -0.011494252873563218, "val/test_score/xbench_deepsearch_noformatf1": 0.040229885057471264, "training/global_step": 28, "training/epoch": 0, "critic/score/mean": 0.8955029845237732, "critic/score/max": 1.999882459640503, "critic/score/min": -2.0294017791748047, "critic/rewards/mean": 0.8955029845237732, "critic/rewards/max": 1.999882459640503, "critic/rewards/min": -2.0294017791748047, "critic/advantages/mean": 0.1393214464187622, "critic/advantages/max": 1.8120936155319214, "critic/advantages/min": -3.4741697311401367, "critic/returns/mean": 0.9131847620010376, "critic/returns/max": 1.999950647354126, "critic/returns/min": -2.0294017791748047, "response_length/mean": 2057.498046875, "response_length/max": 5246.0, "response_length/min": 59.0, "response_length/clip_ratio": 0.001953125, "prompt_length/mean": 454.25, "prompt_length/max": 492.0, "prompt_length/min": 444.0, "prompt_length/clip_ratio": 0.03125, "timing_s/gen": 524.7004667220172, "timing_s/reward": 5.414805431995774, "timing_s/old_log_prob": 22.527361863001715, "timing_s/ref": 24.70724566199351, "timing_s/adv": 0.2276819160033483, "timing_s/update_actor": 121.70940488000633, "timing_s/testing": 7637.049072851019, "timing_s/step": 8336.341749891988, "timing_per_token_ms/adv": 0.00017704452592181918, "timing_per_token_ms/update_actor": 0.09464073504586364, "timing_per_token_ms/ref": 0.01921225309346587, "timing_per_token_ms/gen": 0.4980833885227499, "perf/total_num_tokens": 1286015, "perf/time_per_step": 8336.341749891988, "perf/throughput": 19.283263549276015}