{"actor/entropy_loss": 2791.78857421875, "actor/kl_loss": 12.358217239379883, "actor/kl_coef": 0.001, "actor/pg_loss": -4.521112633869052, "actor/pg_clipfrac": 0.008427911239778041, "actor/ppo_kl": 0.001648098010434751, "actor/pg_clipfrac_lower": 0.0002899653245549416, "actor/grad_norm": 350.94677734375, "perf/mfu/actor": 0.1118199874659006, "perf/max_memory_allocated_gb": 54.86215162277222, "perf/max_memory_reserved_gb": 69.830078125, "perf/cpu_memory_used_gb": 48.50558090209961, "actor/lr": 1e-06, "val/test_score/Factbench_f1": 0.4082998027613412, "val/test_score/Factbench_em": 0.40615384615384614, "val/test_score/Factbench_noformatf1": 0.4759921104536489, "val/test_score/2wiki_f1": 0.2077010479328148, "val/test_score/2wiki_em": 0.1, "val/test_score/2wiki_noformatf1": 0.3157010479328147, "val/test_score/popqa_f1": 0.32021731842248347, "val/test_score/popqa_em": 0.248, "val/test_score/popqa_noformatf1": 0.38421731842248347, "val/test_score/tq_f1": 0.5351780057555395, "val/test_score/tq_em": 0.4, "val/test_score/tq_noformatf1": 0.5871780057555395, "val/test_score/hotpotqa_f1": 0.20025022505605672, "val/test_score/hotpotqa_em": 0.09, "val/test_score/hotpotqa_noformatf1": 0.33625022505605673, "val/test_score/nq_f1": 0.2116475384285763, "val/test_score/nq_em": 0.04, "val/test_score/nq_noformatf1": 0.3116475384285763, "val/test_score/elobench_f1": 0.5898876404494382, "val/test_score/elobench_em": 0.5898876404494382, "val/test_score/elobench_noformatf1": 0.6573033707865169, "val/test_score/musique_f1": -0.022676125934075007, "val/test_score/musique_em": -0.092, "val/test_score/musique_noformatf1": 0.133323874065925, "val/test_score/Bamboogle_f1": 0.415881111045817, "val/test_score/Bamboogle_em": 0.304, "val/test_score/Bamboogle_noformatf1": 0.44788111104581696, "val/test_score/browse_comp_f1": -0.21421516754850084, "val/test_score/browse_comp_em": -0.23333333333333334, "val/test_score/browse_comp_noformatf1": 0.019118165784832452, "val/test_score/browse_comp_zh_f1": -0.3806228373702422, "val/test_score/browse_comp_zh_em": -0.3806228373702422, "val/test_score/browse_comp_zh_noformatf1": 0.0, "val/test_score/xbench_deepsearch_f1": -0.29310344827586204, "val/test_score/xbench_deepsearch_em": -0.2988505747126437, "val/test_score/xbench_deepsearch_noformatf1": 0.05172413793103448, "training/global_step": 4, "training/epoch": 0, "critic/score/mean": 0.5252636671066284, "critic/score/max": 1.9995368719100952, "critic/score/min": -2.128746747970581, "critic/rewards/mean": 0.5252636671066284, "critic/rewards/max": 1.9995368719100952, "critic/rewards/min": -2.128746747970581, "critic/advantages/mean": 0.11203280091285706, "critic/advantages/max": 1.8437707424163818, "critic/advantages/min": -3.2351744174957275, "critic/returns/mean": 0.5589452385902405, "critic/returns/max": 1.9999115467071533, "critic/returns/min": -2.128746747970581, "response_length/mean": 2676.88671875, "response_length/max": 9422.0, "response_length/min": 57.0, "response_length/clip_ratio": 0.001953125, "prompt_length/mean": 456.25, "prompt_length/max": 493.0, "prompt_length/min": 445.0, "prompt_length/clip_ratio": 0.03125, "timing_s/gen": 891.9923144630011, "timing_s/reward": 6.808759385996382, "timing_s/old_log_prob": 24.96530077701027, "timing_s/ref": 28.274717645996134, "timing_s/adv": 0.3808273070026189, "timing_s/update_actor": 137.7443500579975, "timing_s/testing": 7279.597800157004, "timing_s/step": 8369.770659467991, "timing_per_token_ms/adv": 0.00023739893938820478, "timing_per_token_ms/update_actor": 0.08586664351320095, "timing_per_token_ms/ref": 0.01762580533809851, "timing_per_token_ms/gen": 0.6508204015443263, "perf/total_num_tokens": 1604166, "perf/time_per_step": 8369.770659467991, "perf/throughput": 23.957735302241332}