{"actor/entropy_loss": 2070.52001953125, "actor/kl_loss": 51.138999938964844, "actor/kl_coef": 0.001, "actor/pg_loss": -5.13068839891838, "actor/pg_clipfrac": 0.014811331241617154, "actor/ppo_kl": 0.00516396978849798, "actor/pg_clipfrac_lower": 0.00020963962015230209, "actor/grad_norm": 149.24415588378906, "perf/mfu/actor": 0.08892541538031666, "perf/max_memory_allocated_gb": 56.12689924240112, "perf/max_memory_reserved_gb": 75.33984375, "perf/cpu_memory_used_gb": 61.80975341796875, "actor/lr": 1e-06, "val/test_score/Factbench_f1": 0.4153846153846154, "val/test_score/Factbench_em": 0.4153846153846154, "val/test_score/Factbench_noformatf1": 0.4276923076923077, "val/test_score/2wiki_f1": 0.4194091367501894, "val/test_score/2wiki_em": 0.29, "val/test_score/2wiki_noformatf1": 0.43140913675018944, "val/test_score/popqa_f1": 0.43045549246075565, "val/test_score/popqa_em": 0.348, "val/test_score/popqa_noformatf1": 0.43845549246075566, "val/test_score/tq_f1": 0.6820285204337379, "val/test_score/tq_em": 0.546, "val/test_score/tq_noformatf1": 0.7060285204337379, "val/test_score/hotpotqa_f1": 0.3791692969347533, "val/test_score/hotpotqa_em": 0.254, "val/test_score/hotpotqa_noformatf1": 0.40716929693475334, "val/test_score/nq_f1": 0.3680326166374619, "val/test_score/nq_em": 0.212, "val/test_score/nq_noformatf1": 0.3760326166374619, "val/test_score/elobench_f1": 0.6348314606741573, "val/test_score/elobench_em": 0.6348314606741573, "val/test_score/elobench_noformatf1": 0.6573033707865169, "val/test_score/musique_f1": 0.1709202193740645, "val/test_score/musique_em": 0.084, "val/test_score/musique_noformatf1": 0.1949202193740645, "val/test_score/Bamboogle_f1": 0.5926038610038611, "val/test_score/Bamboogle_em": 0.472, "val/test_score/Bamboogle_noformatf1": 0.5926038610038611, "val/test_score/browse_comp_f1": -0.02840060806639754, "val/test_score/browse_comp_em": -0.05, "val/test_score/browse_comp_noformatf1": 0.024932725266935792, "val/test_score/browse_comp_zh_f1": -0.06462603140803833, "val/test_score/browse_comp_zh_em": -0.06920415224913495, "val/test_score/browse_comp_zh_noformatf1": 0.011498536066010114, "val/test_score/xbench_deepsearch_f1": -0.08620689655172414, "val/test_score/xbench_deepsearch_em": -0.09195402298850575, "val/test_score/xbench_deepsearch_noformatf1": 0.028735632183908046, "training/global_step": 24, "training/epoch": 0, "critic/score/mean": 0.5089458227157593, "critic/score/max": 1.9993681907653809, "critic/score/min": -2.0092334747314453, "critic/rewards/mean": 0.5089458227157593, "critic/rewards/max": 1.9993681907653809, "critic/rewards/min": -2.0092334747314453, "critic/advantages/mean": 0.08778999745845795, "critic/advantages/max": 1.971271276473999, "critic/advantages/min": -3.5481135845184326, "critic/returns/mean": 0.5905964970588684, "critic/returns/max": 1.999990463256836, "critic/returns/min": -2.1373484134674072, "response_length/mean": 2006.30859375, "response_length/max": 6114.0, "response_length/min": 108.0, "response_length/clip_ratio": 0.001953125, "prompt_length/mean": 451.9375, "prompt_length/max": 473.0, "prompt_length/min": 444.0, "prompt_length/clip_ratio": 0.03125, "timing_s/gen": 4162.897464150999, "timing_s/reward": 5.291571720998036, "timing_s/old_log_prob": 22.136546591995284, "timing_s/ref": 24.562860600999556, "timing_s/adv": 0.2688934210164007, "timing_s/update_actor": 130.74691293301294, "timing_s/testing": 7259.633790494001, "timing_s/step": 11605.543692583975, "timing_per_token_ms/adv": 0.00021364112578391343, "timing_per_token_ms/update_actor": 0.10388100075559853, "timing_per_token_ms/ref": 0.01951567714611659, "timing_per_token_ms/gen": 4.05254661969666, "perf/total_num_tokens": 1258622, "perf/time_per_step": 11605.543692583975, "perf/throughput": 13.556258471590052}