{"actor/entropy_loss": 2358.27978515625, "actor/kl_loss": 46.97615051269531, "actor/kl_coef": 0.001, "actor/pg_loss": -14.689945780904964, "actor/pg_clipfrac": 0.014782836880840478, "actor/ppo_kl": 0.0003063314690336938, "actor/pg_clipfrac_lower": 0.00017197961733472766, "actor/grad_norm": 206.30650329589844, "perf/mfu/actor": 0.10178278379963353, "perf/max_memory_allocated_gb": 56.12689924240112, "perf/max_memory_reserved_gb": 75.33984375, "perf/cpu_memory_used_gb": 60.44797134399414, "actor/lr": 1e-06, "val/test_score/Factbench_f1": 0.3785562130177515, "val/test_score/Factbench_em": 0.37846153846153846, "val/test_score/Factbench_noformatf1": 0.3908639053254438, "val/test_score/2wiki_f1": 0.41132829947829946, "val/test_score/2wiki_em": 0.296, "val/test_score/2wiki_noformatf1": 0.4393282994782995, "val/test_score/popqa_f1": 0.4455729601782233, "val/test_score/popqa_em": 0.378, "val/test_score/popqa_noformatf1": 0.4575729601782233, "val/test_score/tq_f1": 0.6805508510383604, "val/test_score/tq_em": 0.544, "val/test_score/tq_noformatf1": 0.7005508510383605, "val/test_score/hotpotqa_f1": 0.41421336383922686, "val/test_score/hotpotqa_em": 0.276, "val/test_score/hotpotqa_noformatf1": 0.41821336383922686, "val/test_score/nq_f1": 0.3521088119239157, "val/test_score/nq_em": 0.186, "val/test_score/nq_noformatf1": 0.3761088119239157, "val/test_score/elobench_f1": 0.6910112359550562, "val/test_score/elobench_em": 0.6910112359550562, "val/test_score/elobench_noformatf1": 0.702247191011236, "val/test_score/musique_f1": 0.15352891961680404, "val/test_score/musique_em": 0.06, "val/test_score/musique_noformatf1": 0.16952891961680405, "val/test_score/Bamboogle_f1": 0.5548043956043957, "val/test_score/Bamboogle_em": 0.464, "val/test_score/Bamboogle_noformatf1": 0.5548043956043957, "val/test_score/browse_comp_f1": -0.06646524716524717, "val/test_score/browse_comp_em": -0.08666666666666667, "val/test_score/browse_comp_noformatf1": 0.0202014195014195, "val/test_score/browse_comp_zh_f1": -0.06024310176559311, "val/test_score/browse_comp_zh_em": -0.0657439446366782, "val/test_score/browse_comp_zh_noformatf1": 0.03664271138319581, "val/test_score/xbench_deepsearch_f1": 0.0, "val/test_score/xbench_deepsearch_em": -0.011494252873563218, "val/test_score/xbench_deepsearch_noformatf1": 0.09195402298850575, "training/global_step": 20, "training/epoch": 0, "critic/score/mean": 0.7417453527450562, "critic/score/max": 1.99951171875, "critic/score/min": -2.0277750492095947, "critic/rewards/mean": 0.7417453527450562, "critic/rewards/max": 1.99951171875, "critic/rewards/min": -2.0277750492095947, "critic/advantages/mean": 0.11353089660406113, "critic/advantages/max": 1.8543415069580078, "critic/advantages/min": -3.508291721343994, "critic/returns/mean": 0.7705148458480835, "critic/returns/max": 1.999969482421875, "critic/returns/min": -2.0277750492095947, "response_length/mean": 2347.509765625, "response_length/max": 7267.0, "response_length/min": 54.0, "response_length/clip_ratio": 0.001953125, "prompt_length/mean": 453.125, "prompt_length/max": 506.0, "prompt_length/min": 444.0, "prompt_length/clip_ratio": 0.03125, "timing_s/gen": 947.1678160449956, "timing_s/reward": 6.248998135997681, "timing_s/old_log_prob": 25.699350326991407, "timing_s/ref": 25.384510664007394, "timing_s/adv": 0.3101177079952322, "timing_s/update_actor": 132.4595449299959, "timing_s/testing": 8353.730055047985, "timing_s/save_checkpoint": 8.6207709099981, "timing_s/step": 9499.627701827005, "timing_per_token_ms/adv": 0.00021627191658924434, "timing_per_token_ms/update_actor": 0.09237550424882467, "timing_per_token_ms/ref": 0.017702816161240927, "timing_per_token_ms/gen": 0.788042362081657, "perf/total_num_tokens": 1433925, "perf/time_per_step": 9499.627701827005, "perf/throughput": 18.86817364069202}