{"actor/entropy_loss": 2343.817626953125, "actor/kl_loss": 39.446754455566406, "actor/kl_coef": 0.001, "actor/pg_loss": -6.785955464350991, "actor/pg_clipfrac": 0.012978431776900834, "actor/ppo_kl": 0.0015526146187312406, "actor/pg_clipfrac_lower": 0.00044397837700671516, "actor/grad_norm": 529.3250122070312, "perf/mfu/actor": 0.09239691469408702, "perf/max_memory_allocated_gb": 56.12689924240112, "perf/max_memory_reserved_gb": 75.33984375, "perf/cpu_memory_used_gb": 60.04787826538086, "actor/lr": 1e-06, "val/test_score/Factbench_f1": 0.4219037001645697, "val/test_score/Factbench_em": 0.42153846153846153, "val/test_score/Factbench_noformatf1": 0.44036523862610816, "val/test_score/2wiki_f1": 0.43487613922140234, "val/test_score/2wiki_em": 0.31, "val/test_score/2wiki_noformatf1": 0.44687613922140235, "val/test_score/popqa_f1": 0.3933211858597772, "val/test_score/popqa_em": 0.312, "val/test_score/popqa_noformatf1": 0.4133211858597772, "val/test_score/tq_f1": 0.6662925760424026, "val/test_score/tq_em": 0.53, "val/test_score/tq_noformatf1": 0.6822925760424026, "val/test_score/hotpotqa_f1": 0.38511238487162586, "val/test_score/hotpotqa_em": 0.27, "val/test_score/hotpotqa_noformatf1": 0.40111238487162587, "val/test_score/nq_f1": 0.3335036378756912, "val/test_score/nq_em": 0.164, "val/test_score/nq_noformatf1": 0.3495036378756912, "val/test_score/elobench_f1": 0.6460674157303371, "val/test_score/elobench_em": 0.6460674157303371, "val/test_score/elobench_noformatf1": 0.6685393258426966, "val/test_score/musique_f1": 0.12243844193662352, "val/test_score/musique_em": 0.032, "val/test_score/musique_noformatf1": 0.17443844193662353, "val/test_score/Bamboogle_f1": 0.4850285714285715, "val/test_score/Bamboogle_em": 0.344, "val/test_score/Bamboogle_noformatf1": 0.5170285714285715, "val/test_score/browse_comp_f1": -0.10030759750773412, "val/test_score/browse_comp_em": -0.11333333333333333, "val/test_score/browse_comp_noformatf1": 0.013025735825599214, "val/test_score/browse_comp_zh_f1": -0.17647058823529413, "val/test_score/browse_comp_zh_em": -0.17647058823529413, "val/test_score/browse_comp_zh_noformatf1": 0.01730103806228374, "val/test_score/xbench_deepsearch_f1": -0.028735632183908046, "val/test_score/xbench_deepsearch_em": -0.034482758620689655, "val/test_score/xbench_deepsearch_noformatf1": 0.06321839080459771, "training/global_step": 16, "training/epoch": 0, "critic/score/mean": 0.8209408521652222, "critic/score/max": 1.9994728565216064, "critic/score/min": -2.0104010105133057, "critic/rewards/mean": 0.8209408521652222, "critic/rewards/max": 1.9994728565216064, "critic/rewards/min": -2.0104010105133057, "critic/advantages/mean": 0.14446474611759186, "critic/advantages/max": 1.87491774559021, "critic/advantages/min": -2.6567461490631104, "critic/returns/mean": 0.8596795201301575, "critic/returns/max": 1.9999122619628906, "critic/returns/min": -2.0104010105133057, "response_length/mean": 2291.826171875, "response_length/max": 6957.0, "response_length/min": 106.0, "response_length/clip_ratio": 0.001953125, "prompt_length/mean": 451.0625, "prompt_length/max": 474.0, "prompt_length/min": 444.0, "prompt_length/clip_ratio": 0.03125, "timing_s/gen": 964.4176999519987, "timing_s/reward": 5.8096481380052865, "timing_s/old_log_prob": 21.478285801014863, "timing_s/ref": 24.981118694006, "timing_s/adv": 0.290181672986364, "timing_s/update_actor": 142.41113665999728, "timing_s/testing": 8552.250093465002, "timing_s/step": 9711.646834520012, "timing_per_token_ms/adv": 0.00020662926857474762, "timing_per_token_ms/update_actor": 0.10140650407765912, "timing_per_token_ms/ref": 0.017788271157165653, "timing_per_token_ms/gen": 0.8218896979772703, "perf/total_num_tokens": 1404359, "perf/time_per_step": 9711.646834520012, "perf/throughput": 18.075706210405677}