{"actor/entropy_loss": 2639.984619140625, "actor/kl_loss": 32.34436798095703, "actor/kl_coef": 0.001, "actor/pg_loss": -12.873667112660769, "actor/pg_clipfrac": 0.010625556612467335, "actor/ppo_kl": -0.00022204842876227815, "actor/pg_clipfrac_lower": 0.00028626951007026946, "actor/grad_norm": 477.3471374511719, "perf/mfu/actor": 0.11260836846397944, "perf/max_memory_allocated_gb": 56.12689924240112, "perf/max_memory_reserved_gb": 75.33984375, "perf/cpu_memory_used_gb": 58.8807487487793, "actor/lr": 1e-06, "val/test_score/Factbench_f1": 0.4123076923076923, "val/test_score/Factbench_em": 0.4123076923076923, "val/test_score/Factbench_noformatf1": 0.4430769230769231, "val/test_score/2wiki_f1": 0.3836226493561478, "val/test_score/2wiki_em": 0.28, "val/test_score/2wiki_noformatf1": 0.39962264935614783, "val/test_score/popqa_f1": 0.4077126624410934, "val/test_score/popqa_em": 0.332, "val/test_score/popqa_noformatf1": 0.4397126624410934, "val/test_score/tq_f1": 0.626472282696702, "val/test_score/tq_em": 0.482, "val/test_score/tq_noformatf1": 0.658472282696702, "val/test_score/hotpotqa_f1": 0.3772738217005303, "val/test_score/hotpotqa_em": 0.254, "val/test_score/hotpotqa_noformatf1": 0.40527382170053033, "val/test_score/nq_f1": 0.32419456308232475, "val/test_score/nq_em": 0.164, "val/test_score/nq_noformatf1": 0.33619456308232476, "val/test_score/elobench_f1": 0.601123595505618, "val/test_score/elobench_em": 0.601123595505618, "val/test_score/elobench_noformatf1": 0.6460674157303371, "val/test_score/musique_f1": 0.1071784524669022, "val/test_score/musique_em": 0.024, "val/test_score/musique_noformatf1": 0.1511784524669022, "val/test_score/Bamboogle_f1": 0.46188, "val/test_score/Bamboogle_em": 0.336, "val/test_score/Bamboogle_noformatf1": 0.50988, "val/test_score/browse_comp_f1": -0.08903335553335555, "val/test_score/browse_comp_em": -0.10333333333333333, "val/test_score/browse_comp_noformatf1": 0.017633311133311135, "val/test_score/browse_comp_zh_f1": -0.2370242214532872, "val/test_score/browse_comp_zh_em": -0.23875432525951557, "val/test_score/browse_comp_zh_noformatf1": 0.0328719723183391, "val/test_score/xbench_deepsearch_f1": -0.23481116584564862, "val/test_score/xbench_deepsearch_em": -0.2413793103448276, "val/test_score/xbench_deepsearch_noformatf1": 0.04105090311986864, "training/global_step": 12, "training/epoch": 0, "critic/score/mean": 0.6101049780845642, "critic/score/max": 1.99672532081604, "critic/score/min": -2.0010485649108887, "critic/rewards/mean": 0.6101049780845642, "critic/rewards/max": 1.99672532081604, "critic/rewards/min": -2.0010485649108887, "critic/advantages/mean": 0.10911986976861954, "critic/advantages/max": 1.8688865900039673, "critic/advantages/min": -3.5233354568481445, "critic/returns/mean": 0.6410292983055115, "critic/returns/max": 1.9995841979980469, "critic/returns/min": -2.0010485649108887, "response_length/mean": 2573.890625, "response_length/max": 10303.0, "response_length/min": 91.0, "response_length/clip_ratio": 0.001953125, "prompt_length/mean": 454.625, "prompt_length/max": 474.0, "prompt_length/min": 444.0, "prompt_length/clip_ratio": 0.03125, "timing_s/gen": 897.1412343150005, "timing_s/reward": 6.980085688002873, "timing_s/old_log_prob": 21.031771840003785, "timing_s/ref": 25.55553834399325, "timing_s/adv": 0.49957830700441264, "timing_s/update_actor": 131.35373359298683, "timing_s/testing": 6035.245334918, "timing_s/step": 7117.814227739, "timing_per_token_ms/adv": 0.00032218386882781674, "timing_per_token_ms/update_actor": 0.08471155268475869, "timing_per_token_ms/ref": 0.016481064326062975, "timing_per_token_ms/gen": 0.6807705643169998, "perf/total_num_tokens": 1550600, "perf/time_per_step": 7117.814227739, "perf/throughput": 27.23097200888442}