{"actor/entropy_loss": 1348.44482421875, "actor/kl_loss": 3.772036075592041, "actor/kl_coef": 0.001, "actor/pg_loss": -5.560770282923769, "actor/pg_clipfrac": 0.02126694074831903, "actor/ppo_kl": 0.001994068906242319, "actor/pg_clipfrac_lower": 0.0006878262574900873, "actor/grad_norm": 444.8394470214844, "perf/mfu/actor": 0.18897031729413027, "perf/max_memory_allocated_gb": 68.80605602264404, "perf/max_memory_reserved_gb": 83.66015625, "perf/cpu_memory_used_gb": 40.50191879272461, "actor/lr": 1e-06, "training/global_step": 6, "training/epoch": 0, "critic/score/mean": 0.5851967930793762, "critic/score/max": 1.9996271133422852, "critic/score/min": -2.019840717315674, "critic/rewards/mean": 0.5851967930793762, "critic/rewards/max": 1.9996271133422852, "critic/rewards/min": -2.019840717315674, "critic/advantages/mean": 0.04429100453853607, "critic/advantages/max": 1.8261477947235107, "critic/advantages/min": -3.7271504402160645, "critic/returns/mean": 0.6089538931846619, "critic/returns/max": 1.9996272325515747, "critic/returns/min": -2.019840717315674, "response_length/mean": 1403.12109375, "response_length/max": 4535.0, "response_length/min": 384.0, "response_length/clip_ratio": 0.001953125, "prompt_length/mean": 478.0, "prompt_length/max": 505.0, "prompt_length/min": 467.0, "prompt_length/clip_ratio": 0.03125, "timing_s/gen": 371.86023331100296, "timing_s/reward": 3.453747623003437, "timing_s/old_log_prob": 30.697991956003534, "timing_s/ref": 45.19565616299951, "timing_s/adv": 0.19120751500304323, "timing_s/update_actor": 100.34795847900386, "timing_s/step": 551.7514620260044, "timing_per_token_ms/adv": 0.00019852638885455525, "timing_per_token_ms/update_actor": 0.10418898977608916, "timing_per_token_ms/ref": 0.04692561591948733, "timing_per_token_ms/gen": 0.5176242602443255, "perf/total_num_tokens": 963134, "perf/time_per_step": 551.7514620260044, "perf/throughput": 218.19924057460105}