{"actor/entropy_loss": 1360.6025390625, "actor/kl_loss": 7.930829048156738, "actor/kl_coef": 0.001, "actor/pg_loss": -11.294434230621846, "actor/pg_clipfrac": 0.014227981774638465, "actor/ppo_kl": 0.00486780786206964, "actor/pg_clipfrac_lower": 0.00021344301148928935, "actor/grad_norm": 517.1491088867188, "perf/mfu/actor": 0.19528430006260838, "perf/max_memory_allocated_gb": 68.80605602264404, "perf/max_memory_reserved_gb": 83.66015625, "perf/cpu_memory_used_gb": 40.37770462036133, "actor/lr": 1e-06, "training/global_step": 4, "training/epoch": 0, "critic/score/mean": 0.6941179037094116, "critic/score/max": 1.9977953433990479, "critic/score/min": -2.128554105758667, "critic/rewards/mean": 0.6941179037094116, "critic/rewards/max": 1.9977953433990479, "critic/rewards/min": -2.128554105758667, "critic/advantages/mean": 0.06496244668960571, "critic/advantages/max": 1.8701012134552002, "critic/advantages/min": -3.771364688873291, "critic/returns/mean": 0.7820024490356445, "critic/returns/max": 1.9977953433990479, "critic/returns/min": -2.128554105758667, "response_length/mean": 1490.802734375, "response_length/max": 4014.0, "response_length/min": 31.0, "response_length/clip_ratio": 0.001953125, "prompt_length/mean": 479.25, "prompt_length/max": 516.0, "prompt_length/min": 468.0, "prompt_length/clip_ratio": 0.03125, "timing_s/gen": 396.638052180002, "timing_s/reward": 3.8250907190013095, "timing_s/old_log_prob": 25.950277955002093, "timing_s/ref": 42.23971069700201, "timing_s/adv": 0.17754925600456772, "timing_s/update_actor": 101.78280062699923, "timing_s/step": 570.6192423359971, "timing_per_token_ms/adv": 0.00017602365895242703, "timing_per_token_ms/update_actor": 0.10090822900620247, "timing_per_token_ms/ref": 0.0418767647766825, "timing_per_token_ms/gen": 0.5196419873678609, "perf/total_num_tokens": 1008667, "perf/time_per_step": 570.6192423359971, "perf/throughput": 220.9588560032444}