{"actor/entropy_loss": 1471.821533203125, "actor/kl_loss": 4.429060459136963, "actor/kl_coef": 0.001, "actor/pg_loss": -5.7782964496645945, "actor/pg_clipfrac": 0.017436647118302062, "actor/ppo_kl": 0.0063210015180175105, "actor/pg_clipfrac_lower": 3.977913183916826e-05, "actor/grad_norm": 364.82135009765625, "perf/mfu/actor": 0.1869934396812107, "perf/max_memory_allocated_gb": 68.80605602264404, "perf/max_memory_reserved_gb": 83.66015625, "perf/cpu_memory_used_gb": 40.65042495727539, "actor/lr": 1e-06, "training/global_step": 7, "training/epoch": 0, "critic/score/mean": 0.565238356590271, "critic/score/max": 1.9974009990692139, "critic/score/min": -2.00530743598938, "critic/rewards/mean": 0.565238356590271, "critic/rewards/max": 1.9974009990692139, "critic/rewards/min": -2.00530743598938, "critic/advantages/mean": 0.055120423436164856, "critic/advantages/max": 1.7824257612228394, "critic/advantages/min": -2.7309608459472656, "critic/returns/mean": 0.634838342666626, "critic/returns/max": 1.9974009990692139, "critic/returns/min": -2.00530743598938, "response_length/mean": 1539.259765625, "response_length/max": 5172.0, "response_length/min": 39.0, "response_length/clip_ratio": 0.001953125, "prompt_length/mean": 479.9375, "prompt_length/max": 520.0, "prompt_length/min": 467.0, "prompt_length/clip_ratio": 0.03125, "timing_s/gen": 621.4095305919982, "timing_s/reward": 3.990059249001206, "timing_s/old_log_prob": 25.089619655002025, "timing_s/ref": 42.39003961200069, "timing_s/adv": 0.20563454500370426, "timing_s/update_actor": 109.15462672900321, "timing_s/step": 802.2442644569965, "timing_per_token_ms/adv": 0.00019890576198162779, "timing_per_token_ms/update_actor": 0.10558286402200287, "timing_per_token_ms/ref": 0.04100295078973475, "timing_per_token_ms/gen": 0.7884897120952749, "perf/total_num_tokens": 1033829, "perf/time_per_step": 802.2442644569965, "perf/throughput": 161.08388769531325}