{"actor/entropy_loss": 955.6217651367188, "actor/kl_loss": 0.21595585346221924, "actor/kl_coef": 0.001, "actor/pg_loss": -6.618556953966618, "actor/pg_clipfrac": 0.0, "actor/ppo_kl": 0.0, "actor/pg_clipfrac_lower": 0.0, "actor/grad_norm": 448.7581787109375, "perf/mfu/actor": 0.13452313811093825, "perf/max_memory_allocated_gb": 68.76352596282959, "perf/max_memory_reserved_gb": 83.66015625, "perf/cpu_memory_used_gb": 39.515811920166016, "actor/lr": 1e-06, "training/global_step": 1, "training/epoch": 0, "critic/score/mean": -0.06913404911756516, "critic/score/max": 1.989866852760315, "critic/score/min": -2.318892478942871, "critic/rewards/mean": -0.06913404911756516, "critic/rewards/max": 1.989866852760315, "critic/rewards/min": -2.318892478942871, "critic/advantages/mean": 0.2327311635017395, "critic/advantages/max": 2.172999382019043, "critic/advantages/min": -3.2379462718963623, "critic/returns/mean": 0.6508448123931885, "critic/returns/max": 1.9958597421646118, "critic/returns/min": -2.318892478942871, "response_length/mean": 1062.48828125, "response_length/max": 4010.0, "response_length/min": 32.0, "response_length/clip_ratio": 0.001953125, "prompt_length/mean": 478.1875, "prompt_length/max": 503.0, "prompt_length/min": 467.0, "prompt_length/clip_ratio": 0.03125, "timing_s/gen": 385.54638211199926, "timing_s/reward": 2.780956441998569, "timing_s/old_log_prob": 26.759490480999375, "timing_s/ref": 48.10734166399925, "timing_s/adv": 0.17119363399979193, "timing_s/update_actor": 117.9016099540022, "timing_s/step": 581.2722894239996, "timing_per_token_ms/adv": 0.00021702331566123825, "timing_per_token_ms/update_actor": 0.14946466008220088, "timing_per_token_ms/ref": 0.06098599902132948, "timing_per_token_ms/gen": 0.7087327840233518, "perf/total_num_tokens": 788826, "perf/time_per_step": 581.2722894239996, "perf/throughput": 169.63349499717071}