{"actor/entropy_loss": 1497.59814453125, "actor/kl_loss": 8.230595588684082, "actor/kl_coef": 0.001, "actor/pg_loss": -9.501463412307203, "actor/pg_clipfrac": 0.018229207010335813, "actor/ppo_kl": 0.002157737597158871, "actor/pg_clipfrac_lower": 0.000326373159623472, "actor/grad_norm": 169.85595703125, "perf/mfu/actor": 0.19122602789686807, "perf/max_memory_allocated_gb": 68.80605602264404, "perf/max_memory_reserved_gb": 84.26171875, "perf/cpu_memory_used_gb": 40.561683654785156, "actor/lr": 1e-06, "training/global_step": 8, "training/epoch": 0, "critic/score/mean": 0.6394953727722168, "critic/score/max": 1.9954943656921387, "critic/score/min": -2.0, "critic/rewards/mean": 0.6394953727722168, "critic/rewards/max": 1.9954943656921387, "critic/rewards/min": -2.0, "critic/advantages/mean": 0.055328529328107834, "critic/advantages/max": 1.8100793361663818, "critic/advantages/min": -3.608119487762451, "critic/returns/mean": 0.7316116094589233, "critic/returns/max": 1.99741792678833, "critic/returns/min": -2.0, "response_length/mean": 1583.474609375, "response_length/max": 4283.0, "response_length/min": 52.0, "response_length/clip_ratio": 0.001953125, "prompt_length/mean": 477.4375, "prompt_length/max": 500.0, "prompt_length/min": 467.0, "prompt_length/clip_ratio": 0.03125, "timing_s/gen": 482.4954625169994, "timing_s/reward": 4.485630520000996, "timing_s/old_log_prob": 24.539843128994107, "timing_s/ref": 41.68379207799444, "timing_s/adv": 0.19291250199603382, "timing_s/update_actor": 109.24957359499967, "timing_s/step": 662.6520352299995, "timing_per_token_ms/adv": 0.00018282304652733007, "timing_per_token_ms/update_actor": 0.10353574636059738, "timing_per_token_ms/ref": 0.03950370131360075, "timing_per_token_ms/gen": 0.5951304458241178, "perf/total_num_tokens": 1055187, "perf/time_per_step": 662.6520352299995, "perf/throughput": 199.04620824746954}