{"actor/entropy_loss": 850.7496337890625, "actor/kl_loss": 6.829129219055176, "actor/kl_coef": 0.001, "actor/pg_loss": -4.253047600388527, "actor/pg_clipfrac": 0.02006406201144273, "actor/ppo_kl": 0.009154238253813674, "actor/pg_clipfrac_lower": 0.0003475151761449524, "actor/grad_norm": 508.0604248046875, "perf/mfu/actor": 0.08603161387032333, "perf/max_memory_allocated_gb": 68.80605602264404, "perf/max_memory_reserved_gb": 83.66015625, "perf/cpu_memory_used_gb": 40.27568054199219, "actor/lr": 1e-06, "training/global_step": 2, "training/epoch": 0, "critic/score/mean": -0.24443209171295166, "critic/score/max": 1.9979774951934814, "critic/score/min": -2.170410633087158, "critic/rewards/mean": -0.24443209171295166, "critic/rewards/max": 1.9979774951934814, "critic/rewards/min": -2.170410633087158, "critic/advantages/mean": 0.16376544535160065, "critic/advantages/max": 2.711759090423584, "critic/advantages/min": -3.7075796127319336, "critic/returns/mean": 0.5430417656898499, "critic/returns/max": 1.9988207817077637, "critic/returns/min": -2.2031688690185547, "response_length/mean": 922.455078125, "response_length/max": 6512.0, "response_length/min": 31.0, "response_length/clip_ratio": 0.001953125, "prompt_length/mean": 474.6875, "prompt_length/max": 489.0, "prompt_length/min": 466.0, "prompt_length/clip_ratio": 0.03125, "timing_s/gen": 784.8866446760003, "timing_s/reward": 2.3652055660022597, "timing_s/old_log_prob": 24.496731248000287, "timing_s/ref": 41.60324396500073, "timing_s/adv": 0.2500586189999012, "timing_s/update_actor": 161.73706015099742, "timing_s/step": 1015.3443223880022, "timing_per_token_ms/adv": 0.00034956757304585286, "timing_per_token_ms/update_actor": 0.22609911153903325, "timing_per_token_ms/ref": 0.05815894321837222, "timing_per_token_ms/gen": 1.6618497358145412, "perf/total_num_tokens": 715337, "perf/time_per_step": 1015.3443223880022, "perf/throughput": 88.06581474715753}