{"actor/entropy_loss": 1342.6422119140625, "actor/kl_loss": 13.218196868896484, "actor/kl_coef": 0.001, "actor/pg_loss": -1.2039642706513405, "actor/pg_clipfrac": 0.013738755686063087, "actor/ppo_kl": 0.00641006371961339, "actor/pg_clipfrac_lower": 0.00011251491741859354, "actor/grad_norm": 486.8673095703125, "perf/mfu/actor": 0.18772763095190292, "perf/max_memory_allocated_gb": 68.80605602264404, "perf/max_memory_reserved_gb": 83.66015625, "perf/cpu_memory_used_gb": 40.40659713745117, "actor/lr": 1e-06, "training/global_step": 3, "training/epoch": 0, "critic/score/mean": 0.6419004797935486, "critic/score/max": 1.999390959739685, "critic/score/min": -2.4748029708862305, "critic/rewards/mean": 0.6419004797935486, "critic/rewards/max": 1.999390959739685, "critic/rewards/min": -2.4748029708862305, "critic/advantages/mean": 0.04470602050423622, "critic/advantages/max": 1.8030873537063599, "critic/advantages/min": -3.4622421264648438, "critic/returns/mean": 0.7264962792396545, "critic/returns/max": 1.9998984336853027, "critic/returns/min": -2.4748029708862305, "response_length/mean": 1403.7734375, "response_length/max": 6217.0, "response_length/min": 34.0, "response_length/clip_ratio": 0.001953125, "prompt_length/mean": 477.625, "prompt_length/max": 526.0, "prompt_length/min": 467.0, "prompt_length/clip_ratio": 0.03125, "timing_s/gen": 1366.6063273009968, "timing_s/reward": 3.4417958470003214, "timing_s/old_log_prob": 24.773232840001583, "timing_s/ref": 41.868029851000756, "timing_s/adv": 0.25457138500132714, "timing_s/update_actor": 101.11937150900121, "timing_s/step": 1538.0684784760015, "timing_per_token_ms/adv": 0.0002642766818661808, "timing_per_token_ms/update_actor": 0.10497445333321001, "timing_per_token_ms/ref": 0.04346420947994215, "timing_per_token_ms/gen": 1.9014129429342186, "perf/total_num_tokens": 963276, "perf/time_per_step": 1538.0684784760015, "perf/throughput": 78.28617625614955}