{"actor/entropy_loss": 1318.1595458984375, "actor/kl_loss": 15.805553436279297, "actor/kl_coef": 0.001, "actor/pg_loss": -7.983457834787259, "actor/pg_clipfrac": 0.018015761408605613, "actor/ppo_kl": 0.026482889501494355, "actor/pg_clipfrac_lower": 0.0, "actor/grad_norm": 516.2157592773438, "perf/mfu/actor": 0.18543128566387002, "perf/max_memory_allocated_gb": 68.80605602264404, "perf/max_memory_reserved_gb": 83.66015625, "perf/cpu_memory_used_gb": 40.48297882080078, "actor/lr": 1e-06, "training/global_step": 5, "training/epoch": 0, "critic/score/mean": 0.6593524217605591, "critic/score/max": 1.9975230693817139, "critic/score/min": -2.048807144165039, "critic/rewards/mean": 0.6593524217605591, "critic/rewards/max": 1.9975230693817139, "critic/rewards/min": -2.048807144165039, "critic/advantages/mean": 0.06143390014767647, "critic/advantages/max": 1.803906798362732, "critic/advantages/min": -3.4859702587127686, "critic/returns/mean": 0.7165108323097229, "critic/returns/max": 1.9975230693817139, "critic/returns/min": -2.048807144165039, "response_length/mean": 1392.744140625, "response_length/max": 3933.0, "response_length/min": 39.0, "response_length/clip_ratio": 0.001953125, "prompt_length/mean": 474.53125, "prompt_length/max": 526.0, "prompt_length/min": 467.0, "prompt_length/clip_ratio": 0.03125, "timing_s/gen": 931.1491536820031, "timing_s/reward": 3.6922866480017547, "timing_s/old_log_prob": 25.89127936300065, "timing_s/ref": 42.14657117200113, "timing_s/adv": 0.17478303000098094, "timing_s/update_actor": 101.60338920600043, "timing_s/step": 1104.662871489003, "timing_per_token_ms/adv": 0.00018281883175057758, "timing_per_token_ms/update_actor": 0.10627469335230082, "timing_per_token_ms/ref": 0.04408429642119475, "timing_per_token_ms/gen": 1.3058038714627331, "perf/total_num_tokens": 956045, "perf/time_per_step": 1104.662871489003, "perf/throughput": 108.1828927941747}